country,happiness_score,happiness_rank,gdp_per_capita,social_support,life_expectancy,freedom,generosity,corruption,year,is_happy
Switzerland,7.587,1,1.39651,1.34951,0.94143,0.4078966831779054,0.29678,0.41978,2015,True
Iceland,7.561,2,1.30232,1.40223,0.94784,0.62877,0.4363,0.14145,2015,True
Denmark,7.527,3,0.9107543152940855,1.36058,0.87464,0.4078966831779054,0.34139,0.48357,2015,True
Norway,7.522,4,1.459,1.33095,0.88521,0.66973,0.34699,0.36503,2015,True
Canada,7.427,5,0.9107543152940855,1.32261,0.90563,0.63297,0.45811,0.32957,2015,True
Finland,7.406,6,1.29025,1.31826,0.88911,0.64169,0.23351,0.41372,2015,True
Netherlands,7.378,7,1.32944,1.28017,0.89284,0.61576,0.4761,0.31814,2015,True
New Zealand,7.286,9,1.25018,1.31967,0.90837,0.63938,0.47501,0.42922,2015,True
Australia,7.284,10,1.33358,1.30923,0.93156,0.65124,0.43562,0.35637,2015,True
Israel,7.278,11,1.22857,1.22393,0.91387,0.41319,0.33172,0.07785,2015,True
Costa Rica,7.226,12,0.95578,1.23788,0.86027,0.63376,0.25497,0.10583,2015,True
Austria,7.2,13,1.33723,1.0761487544749853,0.89042,0.62433,0.33088,0.18676,2015,True
Mexico,7.187,14,1.02054,0.91451,0.6168077101280999,0.48181,0.14074,0.21312,2015,True
United States,7.119,15,1.39451,1.24711,0.86179,0.54604,0.2189538221756804,0.1589,2015,True
Brazil,6.983,16,0.98124,1.23287,0.69702,0.49049,0.14574,0.12493232866667803,2015,True
Luxembourg,6.946,17,1.56391,1.21963,0.91894,0.61583,0.28034,0.37798,2015,True
Ireland,6.94,18,1.33596,1.0761487544749853,0.89533,0.61777,0.45901,0.28703,2015,True
Belgium,6.937,19,1.30782,1.28566,0.89667,0.5845,0.2225,0.2254,2015,True
United Arab Emirates,6.901,20,0.9107543152940855,1.12575,0.80925,0.64157,0.2189538221756804,0.38583,2015,True
Oman,6.853,22,1.36011,1.08182,0.76276,0.63274,0.21542,0.32524,2015,True
Venezuela,6.81,23,1.04424,1.25596,0.72052,0.42908,0.05841,0.11069,2015,True
Singapore,6.798,24,1.52186,1.02,1.02525,0.54252,0.31105,0.4921,2015,True
Panama,6.786,25,1.06353,1.1985,0.79661,0.5421,0.2189538221756804,0.0927,2015,True
Germany,6.75,26,1.32792,1.29937,0.89186,0.4078966831779054,0.28214,0.21843,2015,True
Chile,6.67,27,0.9107543152940855,1.12447,0.6168077101280999,0.44132,0.33363,0.12869,2015,True
Qatar,6.611,28,1.69042,1.0786,0.6168077101280999,0.4078966831779054,0.32573,0.52208,2015,True
France,6.575,29,1.27778,1.26038,0.94579,0.55011,0.12332,0.12493232866667803,2015,True
Argentina,6.574,30,1.05351,1.24823,0.78723,0.44974,0.11451,0.08484,2015,True
Czech Republic,6.505,31,1.17898,1.20643,0.84483,0.46364,0.10686,0.02652,2015,True
Uruguay,6.485,32,1.06166,1.2089,0.8116,0.60362,0.2324,0.24558,2015,True
Colombia,6.477,33,0.91861,1.24018,0.69077,0.53466,0.2189538221756804,0.0512,2015,True
Thailand,6.455,34,0.9669,1.26504,0.7385,0.4078966831779054,0.5763,0.03187,2015,True
Saudi Arabia,6.411,35,1.39541,1.08393,0.72025,0.31048,0.13706,0.32524,2015,True
Spain,6.329,36,1.23011,1.31379,0.95562,0.45951,0.18227,0.06398,2015,True
Malta,6.302,37,1.2074,1.30203,0.88721,0.60365,0.51752,0.13586,2015,True
Kuwait,6.295,39,1.55422,1.0761487544749853,0.72492,0.55499,0.16228,0.12493232866667803,2015,True
Suriname,6.269,40,0.99534,1.0761487544749853,0.6082,0.59657,0.16991,0.13633,2015,True
Trinidad And Tobago,6.168,41,1.21183,1.18354,0.61483,0.55884,0.31844,0.0114,2015,True
El Salvador,6.13,42,0.76454,1.02507,0.67737,0.4035,0.10692,0.12493232866667803,2015,True
Guatemala,6.123,43,0.74553,1.0761487544749853,0.64425,0.57733,0.2189538221756804,0.09472,2015,True
Uzbekistan,6.003,44,0.63244,1.34043,0.59772,0.65821,0.22837,0.30826,2015,True
Slovakia,5.995,45,1.16891,1.26999,0.78902,0.31751,0.2189538221756804,0.03431,2015,True
Japan,5.987,46,1.27074,1.25712,0.99111,0.4078966831779054,0.10705,0.1806,2015,True
South Korea,5.984,47,1.24461,0.95774,0.96538,0.33208,0.18557,0.07857,2015,True
Ecuador,5.975,48,0.86402,0.99903,0.79075,0.48574,0.11541,0.1809,2015,True
Bahrain,5.96,49,1.32376,1.21624,0.74716,0.45492,0.2189538221756804,0.306,2015,True
Italy,5.948,50,1.25114,1.19777,0.6168077101280999,0.26236,0.22823,0.02901,2015,True
Bolivia,5.89,51,0.68133,0.97841,0.5392,0.57414,0.20536,0.088,2015,True
Moldova,5.889,52,0.59448,1.01528,0.6168077101280999,0.32818,0.20951,0.01615,2015,True
Paraguay,5.878,53,0.9107543152940855,1.30477,0.66098,0.53899,0.3424,0.08242,2015,True
Kazakhstan,5.855,54,1.12254,1.12241,0.64368,0.51649,0.11827,0.08454,2015,True
Slovenia,5.848,55,1.18498,1.27385,0.87337,0.60855,0.25328,0.03787,2015,True
Lithuania,5.833,56,1.14723,1.25745,0.73128,0.21342,0.02641,0.01031,2015,True
Nicaragua,5.828,57,0.59325,1.14184,0.74314,0.55475,0.27815,0.19317,2015,True
Peru,5.824,58,0.90019,0.97459,0.73017,0.41496,0.14982,0.05989,2015,True
Belarus,5.813,59,1.03192,1.23289,0.73608,0.37938,0.11046,0.1909,2015,True
Malaysia,5.77,61,1.12486,1.07023,0.72394,0.53024,0.33075,0.10501,2015,True
Croatia,5.759,62,1.08254,0.79624,0.78805,0.25883,0.2189538221756804,0.12493232866667803,2015,True
Libya,5.754,63,1.13145,1.11862,0.7038,0.41668,0.18295,0.11023,2015,True
Russia,5.716,64,1.13764,1.23617,0.66926,0.36679,0.00199,0.03005,2015,True
Jamaica,5.709,65,0.81038,1.15102,0.68741,0.50442,0.2189538221756804,0.02299,2015,True
North Cyprus,5.695,66,1.20806,1.07008,0.92356,0.4078966831779054,0.26169,0.12493232866667803,2015,True
Cyprus,5.689,67,1.20813,0.89318,0.92356,0.4078966831779054,0.30638,0.06146,2015,True
Algeria,5.605,68,0.93929,1.07772,0.61766,0.28579,0.07822,0.17383,2015,True
Kosovo,5.589,69,0.80148,0.81198,0.6168077101280999,0.24749,0.2831,0.04741,2015,True
Turkmenistan,5.548,70,0.95847,1.0761487544749853,0.53886,0.4761,0.16979,0.30844,2015,True
Mauritius,5.477,71,1.00761,0.98521,0.7095,0.4078966831779054,0.37744,0.07521,2015,True
Hong Kong,5.474,72,1.38604,1.05818,1.01328,0.59608,0.39478,0.37124,2015,True
Estonia,5.429,73,1.15174,1.22791,0.77361,0.44888,0.0868,0.15184,2015,True
Indonesia,5.399,74,0.82827,1.08708,0.63793,0.46611,0.51535,0.0,2015,True
Vietnam,5.36,75,0.63216,0.91226,0.74676,0.59444,0.1686,0.10441,2015,True
Turkey,5.332,76,1.06098,0.94632,0.73172,0.22815,0.12253,0.15746,2015,True
Kyrgyzstan,5.286,77,0.47428,1.0761487544749853,0.65088,0.43477,0.2189538221756804,0.04232,2015,False
Bhutan,5.253,79,0.77042,1.10395,0.6168077101280999,0.53206,0.47998,0.15445,2015,False
Azerbaijan,5.212,80,0.9107543152940855,0.93793,0.64045,0.4078966831779054,0.07799,0.16065,2015,False
Pakistan,5.194,81,0.59543,0.41411,0.6168077101280999,0.12102,0.33671,0.10464,2015,False
Jordan,5.192,82,0.90198,1.05392,0.69639,0.40661,0.11053,0.14293,2015,False
Montenegro,5.192,82,0.97438,0.90557,0.72521,0.1826,0.1614,0.14296,2015,False
China,5.14,84,0.89012,0.94675,0.81658,0.51697,0.08185,0.02781,2015,False
Zambia,5.129,85,0.9107543152940855,0.91612,0.29924,0.48827,0.19591,0.12468,2015,False
Romania,5.124,86,1.04345,0.88588,0.7689,0.35068,0.13748,0.00649,2015,False
Serbia,5.123,87,0.92053,1.00964,0.74836,0.20107,0.19231,0.02617,2015,False
Portugal,5.102,88,1.15991,1.0761487544749853,0.6168077101280999,0.51469,0.13719,0.12493232866667803,2015,False
Latvia,5.098,89,1.11312,1.09562,0.72437,0.29671,0.18226,0.06332,2015,False
Philippines,5.073,90,0.70532,1.03516,0.58114,0.62545,0.24991,0.12279,2015,False
Somaliland Region,5.057,91,0.18847,0.95152,0.43873,0.46582,0.2189538221756804,0.39928,2015,False
Morocco,5.013,92,0.73479,0.64095,0.60954,0.4078966831779054,0.2189538221756804,0.08546,2015,False
Macedonia,5.007,93,0.9107543152940855,1.00232,0.73545,0.33457,0.22359,0.05327,2015,False
Mozambique,4.971,94,0.08308,1.02626,0.09131,0.34037,0.22269,0.15603,2015,False
Albania,4.959,95,0.87867,0.80434,0.81325,0.35733,0.14272,0.12493232866667803,2015,False
Bosnia And Herzegovina,4.949,96,0.83223,0.91916,0.79081,0.09245,0.24808,0.00227,2015,False
Lesotho,4.898,97,0.37545,1.0761487544749853,0.07612,0.31767,0.16388,0.12504,2015,False
Dominican Republic,4.885,98,0.89537,1.17202,0.66825,0.57672,0.21684,0.14234,2015,False
Laos,4.876,99,0.59066,0.73803,0.54909,0.59591,0.42192,0.24249,2015,False
Mongolia,4.874,100,0.82819,1.3006,0.60268,0.43626,0.3323,0.02666,2015,False
Swaziland,4.867,101,0.71206,1.07284,0.07566,0.30658,0.18259,0.0306,2015,False
Greece,4.857,102,1.15406,0.92933,0.88213,0.07699,0.0,0.01397,2015,False
Lebanon,4.839,103,0.9107543152940855,0.80001,0.83947,0.33916,0.21854,0.04582,2015,False
Hungary,4.8,104,1.12094,1.20215,0.6168077101280999,0.32112,0.128,0.02758,2015,False
Honduras,4.788,105,0.59532,0.95348,0.6168077101280999,0.40148,0.23027,0.06825,2015,False
Tajikistan,4.786,106,0.39047,0.85563,0.57379,0.47216,0.22974,0.15072,2015,False
Tunisia,4.739,107,0.88113,0.60429,0.73793,0.26268,0.2189538221756804,0.06358,2015,False
Palestinian Territories,4.715,108,0.59867,0.92558,0.66015,0.24499,0.11251,0.12905,2015,False
Bangladesh,4.694,109,0.39753,0.43106,0.60164,0.4082,0.21222,0.12569,2015,False
Iran,4.686,110,1.0088,0.54447,0.69805,0.4078966831779054,0.38086,0.05863,2015,False
Ukraine,4.681,111,0.79907,1.20278,0.6739,0.25123,0.15275,0.02961,2015,False
Iraq,4.677,112,0.9107543152940855,0.81889,0.60237,0.0,0.17922,0.13788,2015,False
South Africa,4.642,113,0.92049,1.18468,0.27688,0.33207,0.2189538221756804,0.08884,2015,False
Ghana,4.633,114,0.54558,0.67954,0.40132,0.42342,0.23087,0.04355,2015,False
Zimbabwe,4.61,115,0.271,1.03276,0.33475,0.25861,0.18987,0.08079,2015,False
Liberia,4.571,116,0.0712,1.0761487544749853,0.6168077101280999,0.28531,0.24362,0.06232,2015,False
India,4.565,117,0.64499,0.38174,0.51529,0.39786,0.26475,0.08492,2015,False
Sudan,4.55,118,0.52107,1.01404,0.36878,0.10081,0.19062,0.12493232866667803,2015,False
Haiti,4.518,119,0.26673,0.74302,0.38847,0.24425,0.2189538221756804,0.17175,2015,False
Congo (Kinshasa),4.517,120,0.0,1.0012,0.6168077101280999,0.22605,0.24834,0.07625,2015,False
Nepal,4.514,121,0.35997,0.86449,0.56874,0.38282,0.32296,0.05907,2015,False
Ethiopia,4.512,122,0.19073,0.60406,0.44055,0.4345,0.24325,0.15048,2015,False
Sierra Leone,4.507,123,0.33024,0.95571,0.0,0.4084,0.21488,0.08786,2015,False
Mauritania,4.436,124,0.45407,0.86908,0.35874,0.24232,0.219,0.12493232866667803,2015,False
Kenya,4.419,125,0.36471,1.0761487544749853,0.41435,0.42215,0.37542,0.05839,2015,False
Djibouti,4.369,126,0.44025,0.59207,0.36291,0.46074,0.18093,0.28105,2015,False
Armenia,4.35,127,0.76821,0.77711,0.7299,0.19847,0.07855,0.039,2015,False
Botswana,4.332,128,0.99355,1.10464,0.04776,0.49495,0.10461,0.12474,2015,False
Myanmar,4.307,129,0.27108,0.70905,0.48246,0.44017,0.79588,0.12493232866667803,2015,False
Georgia,4.297,130,0.7419,0.38562,0.72926,0.40577,0.05547,0.12493232866667803,2015,False
Malawi,4.292,131,0.01604,0.41134,0.22562,0.43054,0.33128,0.06977,2015,False
Sri Lanka,4.271,132,0.83524,1.01905,0.70806,0.53726,0.40828,0.09179,2015,False
Cameroon,4.252,133,0.4225,1.0761487544749853,0.23402,0.49309,0.20618,0.05786,2015,False
Bulgaria,4.218,134,1.01216,1.10614,0.76649,0.30587,0.11921,0.00872,2015,False
Egypt,4.194,135,0.8818,0.747,0.61712,0.17288,0.11291,0.06324,2015,False
Yemen,4.077,136,0.9107543152940855,0.68093,0.6168077101280999,0.35571,0.09131,0.07854,2015,False
Angola,4.033,137,0.75778,0.8604,0.16683,0.10384,0.12344,0.07122,2015,False
Mali,3.995,138,0.26074,1.03526,0.20583,0.38857,0.18798,0.12352,2015,False
Congo (Brazzaville),3.989,139,0.67866,0.6629,0.31051,0.41466,0.12388,0.11686,2015,False
Comoros,3.956,140,0.23906,0.79273,0.36315,0.22917,0.17441,0.199,2015,False
Uganda,3.931,141,0.21102,1.13299,0.33861,0.45727,0.29066,0.07267,2015,False
Senegal,3.904,142,0.9107543152940855,0.97619,0.4354,0.36772,0.20843,0.10713,2015,False
Gabon,3.896,143,1.06024,0.90528,0.43372,0.31914,0.06822,0.11091,2015,False
Niger,3.845,144,0.0694,0.77265,0.29707,0.4078966831779054,0.19387,0.15639,2015,False
Cambodia,3.819,145,0.9107543152940855,0.62736,0.61114,0.4078966831779054,0.40359,0.07247,2015,False
Tanzania,3.781,146,0.2852,1.00268,0.38215,0.32878,0.34377,0.05747,2015,False
Madagascar,3.681,147,0.20824,0.66801,0.46721,0.19184,0.21333,0.08124,2015,False
Central African Republic,3.678,148,0.0785,0.0,0.06699,0.48879,0.23835,0.12493232866667803,2015,False
Chad,3.667,149,0.34193,0.76062,0.1501,0.23501,0.18386,0.05269,2015,False
Guinea,3.656,150,0.17417,0.46475,0.24009,0.37725,0.28657,0.12139,2015,False
Ivory Coast,3.655,151,0.9107543152940855,0.77115,0.15185,0.46866,0.20165,0.17922,2015,False
Burkina Faso,3.587,152,0.25812,0.85188,0.27125,0.39493,0.21747,0.12832,2015,False
Afghanistan,3.575,153,0.31982,0.30285,0.30335,0.23414,0.3651,0.12493232866667803,2015,False
Rwanda,3.465,154,0.22208,1.0761487544749853,0.42864,0.59201,0.22628,0.55191,2015,False
Benin,3.34,155,0.28665,0.35386,0.6168077101280999,0.4078966831779054,0.1826,0.12493232866667803,2015,False
Syria,3.006,156,0.6632,1.0761487544749853,0.72193,0.15684,0.47179,0.18906,2015,False
Burundi,2.905,157,0.0153,0.41587,0.22396,0.1185,0.19727,0.10062,2015,False
Togo,2.839,158,0.20868,0.13995,0.28443,0.36453,0.16681,0.10731,2015,False
Denmark,7.526,1,1.44178,1.16374,0.79504,0.4078966831779054,0.36171,0.44453,2016,True
Switzerland,7.509,2,1.52733,1.14524,0.86303,0.58557,0.28083,0.41203,2016,True
Iceland,7.501,3,1.42666,1.18326,0.86733,0.56624,0.47678,0.14975,2016,True
Norway,7.498,4,1.57744,1.0761487544749853,0.79579,0.59609,0.37895,0.35776,2016,True
Finland,7.413,5,1.40598,1.13464,0.81091,0.57104,0.25492,0.41004,2016,True
Canada,7.404,6,1.44015,1.0961,0.8276,0.5737,0.44834,0.31329,2016,True
Netherlands,7.339,7,1.46468,1.0761487544749853,0.81231,0.55211,0.47416,0.29927,2016,True
New Zealand,7.334,8,0.9107543152940855,1.17278,0.83096,0.58147,0.49401,0.41904,2016,True
Australia,7.313,9,1.44443,1.10476,0.8512,0.56837,0.47407,0.32331,2016,True
Sweden,7.291,10,1.45181,1.08764,0.83121,0.58218,0.38254,0.40867,2016,True
Israel,7.267,11,1.33766,0.99537,0.84917,0.36432,0.32288,0.08728,2016,True
Austria,7.119,12,1.45038,1.08383,0.80565,0.54355,0.32865,0.21348,2016,True
United States,7.104,13,1.50796,1.04782,0.779,0.48163,0.41077,0.14868,2016,True
Costa Rica,7.087,14,1.06879,1.02152,0.76146,0.55225,0.2189538221756804,0.10547,2016,True
Puerto Rico,7.039,15,1.35943,1.08113,0.77758,0.46823,0.22202,0.12275,2016,True
Germany,6.994,16,1.44787,1.09774,0.81487,0.4078966831779054,0.30452,0.12493232866667803,2016,True
Brazil,6.952,17,1.08754,1.03938,0.61415,0.40425,0.15776,0.14166,2016,True
Belgium,6.929,18,1.42539,1.05249,0.81959,0.51354,0.2189538221756804,0.26248,2016,True
Ireland,6.907,19,1.48341,1.0761487544749853,0.81455,0.54008,0.44963,0.29754,2016,True
Luxembourg,6.871,20,1.69752,1.03999,0.84542,0.5487,0.27571,0.35329,2016,True
Mexico,6.778,21,1.11508,0.7146,0.71143,0.37709,0.11735,0.18355,2016,True
Singapore,6.739,22,1.64555,0.86758,0.94719,0.4877,0.32706,0.46987,2016,True
United Kingdom,6.725,23,1.40283,1.08672,0.80991,0.4078966831779054,0.50156,0.27399,2016,True
Chile,6.705,24,1.2167,0.90587,0.81883,0.37789,0.31595,0.11451,2016,True
Panama,6.701,25,0.9107543152940855,0.98912,0.70835,0.48927,0.2189538221756804,0.08423,2016,True
Argentina,6.65,26,1.15137,1.06612,0.69711,0.42284,0.2189538221756804,0.07296,2016,True
Czech Republic,6.596,27,1.30915,1.00793,0.76376,0.41418,0.09929,0.12493232866667803,2016,True
United Arab Emirates,6.573,28,1.57352,1.0761487544749853,0.72993,0.56215,0.26591,0.35561,2016,True
Uruguay,6.545,29,1.18157,1.03143,0.72183,0.54388,0.18056,0.21394,2016,True
Malta,6.488,30,1.30782,1.0761487544749853,0.80315,0.54994,0.56237,0.17554,2016,True
Colombia,6.481,31,1.03032,1.02169,0.6168077101280999,0.44735,0.15626,0.05399,2016,True
France,6.478,32,1.39488,1.00508,0.83795,0.4078966831779054,0.2189538221756804,0.17808,2016,True
Thailand,6.474,33,1.0893,1.04477,0.64915,0.49553,0.2189538221756804,0.12493232866667803,2016,True
Saudi Arabia,6.379,34,1.48953,0.84829,0.59267,0.37904,0.2189538221756804,0.30008,2016,True
Taiwan,6.379,34,1.39729,0.92624,0.79565,0.32377,0.25495,0.0663,2016,True
Qatar,6.375,36,1.82427,0.87964,0.71723,0.56679,0.32388,0.48049,2016,True
Spain,6.361,37,0.9107543152940855,1.12945,0.87896,0.37545,0.17665,0.06137,2016,True
Algeria,6.355,38,1.05266,0.83309,0.61804,0.21006,0.07044,0.12493232866667803,2016,True
Guatemala,6.324,39,0.83454,0.87119,0.54039,0.50379,0.28808,0.08701,2016,True
Suriname,6.269,40,1.09686,0.77866,0.50933,0.52234,0.16665,0.12692,2016,True
Kuwait,6.239,41,1.61714,0.87758,0.63569,0.43166,0.15965,0.12493232866667803,2016,True
Bahrain,6.218,42,1.44024,0.94397,0.65696,0.47375,0.17147,0.25772,2016,True
Trinidad And Tobago,6.168,43,1.32572,0.98569,0.52608,0.48453,0.31935,0.01241,2016,True
Venezuela,6.084,44,1.13367,1.03302,0.61904,0.19847,0.0425,0.08304,2016,True
Slovakia,6.078,45,1.27973,1.08268,0.70367,0.23391,0.13837,0.02947,2016,True
El Salvador,6.068,46,0.8737,0.80975,0.596,0.37269,0.08877,0.10613,2016,True
Malaysia,6.005,47,1.25142,0.88025,0.62366,0.39031,0.41474,0.09081,2016,True
Nicaragua,5.992,48,0.69384,1.0761487544749853,0.65213,0.46582,0.29773,0.16292,2016,True
Uzbekistan,5.987,49,0.73591,1.1681,0.6168077101280999,0.60848,0.34326,0.28333,2016,True
Italy,5.977,50,1.35495,1.04167,0.85102,0.18827,0.16684,0.02556,2016,True
Ecuador,5.976,51,0.9107543152940855,0.85974,0.68613,0.4027,0.10074,0.18037,2016,True
Belize,5.956,52,0.87616,0.68655,0.6168077101280999,0.51231,0.23684,0.10771,2016,True
Japan,5.921,53,1.38007,1.0761487544749853,0.91491,0.46761,0.10224,0.18985,2016,True
Kazakhstan,5.919,54,0.9107543152940855,0.95544,0.57386,0.4052,0.15011,0.11132,2016,True
Moldova,5.897,55,0.69177,1.0761487544749853,0.52309,0.4078966831779054,0.19997,0.01903,2016,True
Russia,5.856,56,1.23228,1.05261,0.58991,0.32682,0.02736,0.03586,2016,True
Poland,5.835,57,0.9107543152940855,1.04685,0.69058,0.4519,0.14443,0.055,2016,True
South Korea,5.835,57,0.9107543152940855,0.72194,0.88645,0.25168,0.18824,0.07716,2016,True
Bolivia,5.822,59,0.79422,0.83779,0.6168077101280999,0.50961,0.21698,0.07746,2016,True
Lithuania,5.813,60,1.2692,1.06411,0.64674,0.18929,0.2189538221756804,0.0182,2016,True
Belarus,5.802,61,1.13062,1.04993,0.63104,0.29091,0.13942,0.12493232866667803,2016,True
North Cyprus,5.771,62,1.31141,0.81826,0.6168077101280999,0.43596,0.2189538221756804,0.12493232866667803,2016,True
Slovenia,5.768,63,1.29947,1.05613,0.79151,0.53164,0.25738,0.03635,2016,True
Peru,5.743,64,0.9107543152940855,0.81255,0.62994,0.37502,0.14527,0.05292,2016,True
Turkmenistan,5.658,65,1.08017,1.03817,0.44006,0.37408,0.22567,0.28467,2016,True
Mauritius,5.648,66,1.14372,1.0761487544749853,0.6168077101280999,0.46145,0.36951,0.05203,2016,True
Libya,5.615,67,1.06688,1.0761487544749853,0.52304,0.40672,0.17087,0.10339,2016,True
Latvia,5.56,68,1.21788,0.95025,0.63952,0.27996,0.17445,0.0889,2016,True
Cyprus,5.546,69,1.31857,0.70697,0.8488,0.29507,0.27906,0.05228,2016,True
Paraguay,5.538,70,0.89373,1.11111,0.58295,0.46235,0.25296,0.07396,2016,True
Romania,5.528,71,1.1697,0.72803,0.67602,0.36712,0.2189538221756804,0.00679,2016,True
Estonia,5.517,72,1.27964,1.05163,0.68098,0.41511,0.08423,0.18519,2016,True
Jamaica,5.51,73,0.9107543152940855,0.96372,0.59469,0.43597,0.22245,0.04294,2016,True
Croatia,5.488,74,1.18649,0.60809,0.70524,0.23907,0.18434,0.04002,2016,True
Hong Kong,5.458,75,1.5107,1.0761487544749853,0.95277,0.4078966831779054,0.40097,0.31647,2016,True
Somalia,5.44,76,0.0,0.33613,0.11466,0.56778,0.27225,0.3118,2016,True
Kosovo,5.401,77,0.90145,0.66062,0.6168077101280999,0.14396,0.27992,0.06547,2016,True
Turkey,5.389,78,1.16492,0.87717,0.64718,0.23889,0.04707,0.12348,2016,True
Indonesia,5.314,79,0.95104,0.87625,0.49374,0.39237,0.56521,0.00322,2016,True
Jordan,5.303,80,0.99673,0.86216,0.60712,0.36023,0.14262,0.13297,2016,False
Azerbaijan,5.291,81,1.12373,0.76042,0.54504,0.35327,0.0564,0.17914,2016,False
Philippines,5.279,82,0.81217,0.87877,0.47036,0.54854,0.21674,0.11757,2016,False
China,5.245,83,1.0278,0.79381,0.73561,0.4078966831779054,0.04959,0.02745,2016,False
Bhutan,5.196,84,0.8527,0.90836,0.49759,0.46074,0.48546,0.1616,2016,False
Kyrgyzstan,5.185,85,0.56044,0.95434,0.55449,0.40212,0.38432,0.12493232866667803,2016,False
Serbia,5.177,86,1.03437,0.81329,0.6168077101280999,0.4078966831779054,0.20737,0.04339,2016,False
Bosnia And Herzegovina,5.163,87,0.93383,0.64367,0.70766,0.09511,0.29889,0.0,2016,False
Montenegro,5.161,88,1.07838,0.74173,0.6168077101280999,0.15111,0.17191,0.12721,2016,False
Dominican Republic,5.155,89,1.02787,0.99496,0.57669,0.52259,0.21286,0.12372,2016,False
Morocco,5.151,90,0.84058,0.38595,0.59471,0.25646,0.04053,0.08404,2016,False
Hungary,5.145,91,0.9107543152940855,0.93164,0.67608,0.1977,0.099,0.04472,2016,False
Pakistan,5.132,92,0.68816,0.26135,0.40306,0.14622,0.31185,0.1388,2016,False
Lebanon,5.129,93,0.9107543152940855,0.64184,0.76171,0.26228,0.23693,0.03061,2016,False
Portugal,5.123,94,1.27607,0.94367,0.79363,0.44727,0.11691,0.01521,2016,False
Macedonia,5.121,95,1.0193,0.78236,0.64738,0.27668,0.23507,0.07047,2016,False
Vietnam,5.061,96,0.74037,1.0761487544749853,0.66157,0.55954,0.25075,0.11556,2016,False
Somaliland Region,5.057,97,0.25558,0.75862,0.33108,0.3913,0.51479,0.36794,2016,False
Tunisia,5.045,98,0.97724,0.43165,0.59577,0.23553,0.03936,0.0817,2016,False
Greece,5.033,99,1.24886,0.75473,0.80029,0.05822,0.0,0.04127,2016,False
Tajikistan,4.996,100,0.48835,0.75602,0.53119,0.43408,0.25998,0.13509,2016,False
Mongolia,4.907,101,0.98853,1.08983,0.55469,0.35972,0.2189538221756804,0.12493232866667803,2016,False
Laos,4.876,102,0.68042,0.5497,0.38291,0.52168,0.43079,0.22423,2016,False
Nigeria,4.875,103,0.75216,0.64498,0.05108,0.27854,0.23219,0.0305,2016,False
Honduras,4.871,104,0.69429,0.75596,0.58383,0.4078966831779054,0.2044,0.12493232866667803,2016,False
Iran,4.813,105,1.11758,0.38857,0.64232,0.22544,0.38538,0.0557,2016,False
Zambia,4.795,106,0.61202,0.6376,0.23573,0.42662,0.17866,0.11479,2016,False
Nepal,4.793,107,0.44626,0.69699,0.50073,0.37012,0.3816,0.07008,2016,False
Palestinian Territories,4.754,108,0.67024,0.71629,0.56844,0.17744,0.11154,0.10613,2016,False
Albania,4.655,109,0.9107543152940855,0.50163,0.6168077101280999,0.31866,0.1684,0.05301,2016,False
Bangladesh,4.643,110,0.54177,0.24749,0.52989,0.39778,0.2189538221756804,0.12583,2016,False
Sierra Leone,4.635,111,0.36485,0.628,0.0,0.30685,0.23897,0.08196,2016,False
Iraq,4.575,112,1.07474,0.59205,0.51076,0.24856,0.19589,0.13636,2016,False
Namibia,4.574,113,0.93287,0.70362,0.34745,0.4078966831779054,0.07795,0.12493232866667803,2016,False
Cameroon,4.513,114,0.52497,0.62542,0.12698,0.42736,0.2268,0.12493232866667803,2016,False
Ethiopia,4.508,115,0.29283,0.37932,0.34578,0.36703,0.29522,0.1717,2016,False
South Africa,4.459,116,1.02416,0.96053,0.18611,0.42483,0.13656,0.08415,2016,False
Sri Lanka,4.415,117,0.97318,0.84783,0.62007,0.50817,0.46978,0.07964,2016,False
India,4.404,118,0.74036,0.29247,0.45091,0.40285,0.25028,0.08722,2016,False
Myanmar,4.395,119,0.34112,0.69981,0.3988,0.4078966831779054,0.81971,0.20243,2016,False
Egypt,4.362,120,0.95395,0.49813,0.52116,0.18847,0.12706,0.10393,2016,False
Armenia,4.36,121,0.86086,0.62477,0.64083,0.14037,0.07793,0.03616,2016,False
Kenya,4.356,122,0.52267,0.7624,0.30147,0.40576,0.41328,0.06686,2016,False
Ukraine,4.324,123,0.87287,1.01413,0.58628,0.12859,0.20363,0.01829,2016,False
Ghana,4.276,124,0.63107,0.49353,0.29681,0.40973,0.21203,0.0326,2016,False
Congo (Kinshasa),4.272,125,0.05661,1.0761487544749853,0.188,0.15602,0.25458,0.06075,2016,False
Georgia,4.252,126,0.83792,0.19249,0.64035,0.32461,0.06786,0.3188,2016,False
Congo (Brazzaville),4.236,127,0.77109,0.47799,0.28212,0.4078966831779054,0.12077,0.09753,2016,False
Senegal,4.219,128,0.44314,0.77416,0.40457,0.31056,0.19103,0.12493232866667803,2016,False
Bulgaria,4.217,129,0.9107543152940855,0.92542,0.67806,0.21219,0.12793,0.00615,2016,False
Mauritania,4.201,130,0.61391,0.84142,0.28639,0.1268,0.22686,0.17955,2016,False
Zimbabwe,4.193,131,0.35041,0.71478,0.1595,0.25429,0.18503,0.08582,2016,False
Malawi,4.156,132,0.9107543152940855,1.0761487544749853,0.6168077101280999,0.4143,0.2189538221756804,0.07564,2016,False
Sudan,4.139,133,0.63069,0.81928,0.29759,0.0,0.18077,0.10039,2016,False
Gabon,4.121,134,1.15851,0.72368,0.3494,0.4078966831779054,0.06244,0.09314,2016,False
Mali,4.073,135,0.31292,0.86333,0.16347,0.27544,0.21064,0.13647,2016,False
Haiti,4.028,136,0.34097,0.29561,0.27494,0.12072,0.47958,0.14476,2016,False
Botswana,3.974,137,1.09426,0.89186,0.34752,0.44089,0.2189538221756804,0.10769,2016,False
Comoros,3.956,138,0.27509,0.60323,0.29981,0.15412,0.1827,0.18437,2016,False
Ivory Coast,3.916,139,0.55507,0.57576,0.04476,0.40663,0.20338,0.1553,2016,False
Cambodia,3.907,140,0.55604,0.5375,0.42494,0.58852,0.40339,0.08092,2016,False
Angola,3.866,141,0.84731,1.0761487544749853,0.04991,0.4078966831779054,0.12071,0.08434,2016,False
Niger,3.856,142,0.1327,0.6053,0.26162,0.4078966831779054,0.2097,0.17176,2016,False
South Sudan,3.832,143,0.39394,0.18519,0.15781,0.19662,0.25899,0.12493232866667803,2016,False
Chad,3.763,144,0.9107543152940855,0.63178,0.03824,0.12807,0.2189538221756804,0.04952,2016,False
Burkina Faso,3.739,145,0.31995,0.63054,0.6168077101280999,0.3337,0.24353,0.12533,2016,False
Uganda,3.739,145,0.34719,0.90981,0.19625,0.43653,0.27102,0.06442,2016,False
Yemen,3.724,147,0.57939,0.47493,0.31048,0.2287,0.09821,0.12493232866667803,2016,False
Madagascar,3.695,148,0.27954,0.46115,0.37109,0.13684,0.2204,0.07506,2016,False
Tanzania,3.666,149,0.47155,0.77623,0.6168077101280999,0.3176,0.31472,0.05099,2016,False
Liberia,3.622,150,0.10706,0.50353,0.23165,0.25748,0.24063,0.04852,2016,False
Guinea,3.607,151,0.22415,0.3109,0.18829,0.30953,0.29914,0.1192,2016,False
Rwanda,3.515,152,0.32846,0.61586,0.6168077101280999,0.5432,0.23552,0.50521,2016,False
Benin,3.484,153,0.39499,0.10419,0.21028,0.39747,0.2018,0.06681,2016,False
Afghanistan,3.36,154,0.38227,0.11037,0.6168077101280999,0.1643,0.31268,0.07112,2016,False
Togo,3.303,155,0.28123,0.0,0.24811,0.34678,0.17517,0.11587,2016,False
Syria,3.069,156,0.74719,0.14866,0.62994,0.06912,0.48397,0.17233,2016,False
Burundi,2.905,157,0.06831,0.23442,0.15747,0.0432,0.2029,0.09419,2016,False
Norway,7.53700017929077,1,1.61646318435669,1.53352355957031,0.796666502952576,0.4078966831779054,0.36201223731041,0.315963834524155,2017,True
Denmark,7.52199983596802,2,1.48238301277161,1.55112159252167,0.6168077101280999,0.626006722450256,0.355280488729477,0.12493232866667803,2017,True
Iceland,7.50400018692017,3,0.9107543152940855,1.0761487544749853,0.833552122116089,0.4078966831779054,0.475540220737457,0.153526559472084,2017,True
Switzerland,7.49399995803833,4,0.9107543152940855,1.51691174507141,0.858131289482117,0.620070576667786,0.2189538221756804,0.367007285356522,2017,True
Finland,7.4689998626709,5,1.44357192516327,1.5402467250824,0.80915766954422,0.617950856685638,0.24548277258873,0.38261154294014,2017,True
Netherlands,7.3769998550415,6,1.50394463539124,1.42893922328949,0.810696125030518,0.585384488105774,0.2189538221756804,0.282661825418472,2017,True
Canada,7.31599998474121,7,1.47920441627502,1.0761487544749853,0.83455765247345,0.611100912094116,0.435539722442627,0.287371516227722,2017,True
New Zealand,7.31400012969971,8,1.40570604801178,1.54819512367249,0.816759705543518,0.614062130451202,0.500005125999451,0.382816702127457,2017,True
Sweden,7.28399991989136,9,1.49438726902008,1.47816216945648,0.830875158309937,0.612924098968506,0.385399252176285,0.384398728609085,2017,True
Australia,7.28399991989136,10,1.484414935112,1.51004195213318,0.84388679265976,0.601607382297516,0.477699249982834,0.301183730363846,2017,True
Israel,7.21299982070923,11,0.9107543152940855,1.37628996372223,0.83840399980545,0.405988603830338,0.330082654953003,0.12493232866667803,2017,True
Costa Rica,7.0789999961853,12,1.10970628261566,1.41640365123749,0.759509265422821,0.580131649971008,0.214613229036331,0.100106589496136,2017,True
Austria,7.00600004196167,13,1.48709726333618,1.4599449634552,0.6168077101280999,0.567766189575195,0.316472321748734,0.221060365438461,2017,True
United States,6.99300003051758,14,1.54625928401947,1.41992056369781,0.6168077101280999,0.505740523338318,0.2189538221756804,0.135638788342476,2017,True
Ireland,6.97700023651123,15,1.53570663928986,1.55823111534119,0.80978262424469,0.573110342025757,0.42785832285881,0.29838815331459,2017,True
Germany,6.95100021362305,16,1.48792338371277,1.47252035140991,0.798950731754303,0.562511384487152,0.336269170045853,0.276731938123703,2017,True
Belgium,6.89099979400635,17,1.46378076076508,1.46231269836426,0.818091869354248,0.539770722389221,0.231503337621689,0.251343131065369,2017,True
Luxembourg,6.86299991607666,18,1.74194359779358,1.45758366584778,0.845089495182037,0.59662789106369,0.283180981874466,0.31883442401886,2017,True
United Kingdom,6.71400022506714,19,1.44163393974304,1.49646008014679,0.6168077101280999,0.508190035820007,0.492774158716202,0.265428066253662,2017,True
Chile,6.65199995040894,20,1.25278460979462,1.28402495384216,0.819479703903198,0.376895278692245,0.326662421226501,0.12493232866667803,2017,True
United Arab Emirates,6.64799976348877,21,1.62634336948395,1.26641023159027,0.726798236370087,0.60834527015686,0.3609419465065,0.324489563703537,2017,True
Brazil,6.63500022888184,22,1.10735321044922,1.43130600452423,0.616552352905273,0.437453746795654,0.16234989464283,0.111092761158943,2017,True
Czech Republic,6.60900020599365,23,1.35268235206604,1.43388521671295,0.754444003105164,0.490946173667908,0.0881067588925362,0.0368729270994663,2017,True
Argentina,6.59899997711182,24,1.18529546260834,1.44045114517212,0.695137083530426,0.494519203901291,0.109457060694695,0.059739887714386,2017,True
Mexico,6.57800006866455,25,1.15318381786346,1.210862159729,0.709978997707367,0.412730008363724,0.120990432798862,0.132774114608765,2017,True
Singapore,6.57200002670288,26,1.69227766990662,1.35381436347961,0.949492394924164,0.549840569496155,0.345965981483459,0.46430778503418,2017,True
Malta,6.52699995040894,27,1.34327983856201,1.48841166496277,0.821944236755371,0.588767051696777,0.574730575084686,0.153066068887711,2017,True
Uruguay,6.4539999961853,28,0.9107543152940855,1.41222786903381,0.719216823577881,0.57939225435257,0.175096929073334,0.178061872720718,2017,True
Guatemala,6.4539999961853,29,0.872001945972443,1.25558519363403,0.540239989757538,0.531310617923737,0.283488392829895,0.0772232785820961,2017,True
Panama,6.4520001411438,30,1.23374843597412,1.37319254875183,0.706156134605408,0.550026834011078,0.21055693924427,0.070983923971653,2017,True
France,6.44199991226196,31,1.43092346191406,1.38777685165405,0.844465851783752,0.470222115516663,0.129762306809425,0.172502428293228,2017,True
Thailand,6.42399978637695,32,0.9107543152940855,1.0761487544749853,0.647239029407501,0.580200731754303,0.2189538221756804,0.0316127352416515,2017,True
Taiwan Province Of China,6.42199993133545,33,1.43362653255463,1.38456535339355,0.793984234333038,0.361466586589813,0.258360475301743,0.12493232866667803,2017,True
Spain,6.40299987792969,34,1.38439786434174,1.53209090232849,0.888960599899292,0.4078966831779054,0.2189538221756804,0.0709140971302986,2017,True
Qatar,6.375,35,1.87076568603516,1.27429687976837,0.710098087787628,0.604130983352661,0.330473870038986,0.439299255609512,2017,True
Colombia,6.35699987411499,36,1.07062232494354,1.4021829366684,0.595027923583984,0.477487415075302,0.149014472961426,0.0466687418520451,2017,True
Saudi Arabia,6.3439998626709,37,1.53062355518341,1.28667759895325,0.590148329734802,0.449750572443008,0.147616013884544,0.27343225479126,2017,True
Trinidad And Tobago,6.16800022125244,38,1.36135590076447,1.3802285194397,0.519983291625977,0.4078966831779054,0.325296461582184,0.0089648161083459,2017,True
Kuwait,6.10500001907349,39,0.9107543152940855,1.0761487544749853,0.6168077101280999,0.496337592601776,0.228289797902107,0.215159550309181,2017,True
Slovakia,6.09800004959106,40,1.32539355754852,1.50505924224854,0.712732911109924,0.4078966831779054,0.136544480919838,0.0242108516395092,2017,True
Bahrain,6.08699989318848,41,1.48841226100922,1.32311046123505,0.653133034706116,0.536746919155121,0.172668486833572,0.257042169570923,2017,True
Malaysia,6.08400011062622,42,1.29121541976929,1.0761487544749853,0.618784427642822,0.402264982461929,0.416608929634094,0.0656007081270218,2017,True
Nicaragua,6.07100009918213,43,0.9107543152940855,1.28721570968628,0.6168077101280999,0.447551846504211,0.2189538221756804,0.130687981843948,2017,True
Ecuador,6.00799989700317,44,1.00082039833069,1.28616881370544,0.685636222362518,0.4551981985569,0.150112465023994,0.140134647488594,2017,True
El Salvador,6.00299978256226,45,0.909784495830536,1.18212509155273,0.596018552780151,0.432452529668808,0.0782579854130745,0.0899809598922729,2017,True
Poland,5.97300004959106,46,1.29178786277771,1.44571197032928,0.699475347995758,0.520342111587524,0.158465966582298,0.0593078061938286,2017,True
Uzbekistan,5.97100019454956,47,0.786441087722778,1.54896914958954,0.498272627592087,0.4078966831779054,0.415983647108078,0.12493232866667803,2017,True
Italy,5.96400022506714,48,1.39506661891937,1.44492328166962,0.853144347667694,0.4078966831779054,0.17278964817524,0.0280280914157629,2017,True
Russia,5.96299982070923,49,1.28177809715271,1.46928238868713,0.547349333763123,0.373783111572266,0.0522638224065304,0.0329628810286522,2017,True
Belize,5.95599985122681,50,0.907975316047668,1.08141779899597,0.450191766023636,0.547509372234344,0.240015640854836,0.12493232866667803,2017,True
Japan,5.92000007629395,51,1.41691517829895,1.43633782863617,0.913475871086121,0.505625545978546,0.12057276815176,0.163760736584663,2017,True
Lithuania,5.90199995040894,52,1.31458234786987,1.47351610660553,0.62894994020462,0.234231784939766,0.010164656676352,0.0118656428530812,2017,True
Algeria,5.87200021743774,53,1.09186446666718,1.1462174654007,0.617584645748138,0.4078966831779054,0.0694366469979286,0.146096110343933,2017,True
Latvia,5.84999990463257,54,1.26074862480164,1.40471494197845,0.6168077101280999,0.325707912445068,0.153074786067009,0.0738427266478539,2017,True
South Korea,5.83799982070923,55,1.40167844295502,1.12827444076538,0.900214076042175,0.257921665906906,0.206674367189407,0.12493232866667803,2017,True
Moldova,5.83799982070923,56,0.728870630264282,1.25182557106018,0.589465200901031,0.240729048848152,0.208779126405716,0.0100912861526012,2017,True
Romania,5.82499980926514,57,1.21768391132355,1.15009129047394,0.685158312320709,0.457003742456436,0.133519917726517,0.00438790069893,2017,True
Bolivia,5.82299995422363,58,0.833756566047668,1.22761905193329,0.473630249500275,0.558732926845551,0.22556072473526,0.0604777261614799,2017,True
Turkmenistan,5.82200002670288,59,1.13077676296234,1.49314916133881,0.437726080417633,0.41827192902565,0.24992498755455,0.259270340204239,2017,True
Kazakhstan,5.81899976730347,60,1.28455626964569,1.38436901569366,0.606041550636292,0.437454283237457,0.201964423060417,0.119282886385918,2017,True
North Cyprus,5.80999994277954,61,1.3469113111496,1.18630337715149,0.834647238254547,0.4078966831779054,0.266845703125,0.155353352427483,2017,True
Slovenia,5.75799989700317,62,1.3412059545517,1.45251882076263,0.790828227996826,0.572575807571411,0.242649093270302,0.0451289787888527,2017,True
Peru,5.71500015258789,63,1.03522527217865,1.21877038478851,0.630166113376617,0.450002878904343,0.126819714903831,0.0470490865409374,2017,True
Mauritius,5.62900018692017,64,1.18939554691315,1.20956099033356,0.638007462024689,0.491247326135635,0.360933750867844,0.0421815551817417,2017,True
Cyprus,5.62099981307983,65,1.35593807697296,1.13136327266693,0.84471470117569,0.355111539363861,0.271254301071167,0.0412379764020443,2017,True
Estonia,5.61100006103516,66,1.32087934017181,1.47667109966278,0.695168316364288,0.479131430387497,0.2189538221756804,0.183248922228813,2017,True
Belarus,5.56899976730347,67,1.15655755996704,1.44494521617889,0.637714266777039,0.295400261878967,0.15513750910759,0.156313821673393,2017,True
Libya,5.52500009536743,68,1.10180306434631,1.0761487544749853,0.6168077101280999,0.465733230113983,0.152073666453362,0.0926102101802826,2017,True
Turkey,5.5,69,1.19827437400818,1.33775317668915,0.637605607509613,0.300740599632263,0.0466930419206619,0.0996715798974037,2017,True
Paraguay,5.49300003051758,70,0.9107543152940855,1.50728487968445,0.579250693321228,0.473507791757584,0.224150657653809,0.091065913438797,2017,True
"Hong Kong S.A.R., China",5.47200012207031,71,1.55167484283447,1.26279091835022,0.943062424659729,0.490968644618988,0.374465793371201,0.293933749198914,2017,True
Philippines,5.42999982833862,72,0.85769921541214,1.25391757488251,0.468009054660797,0.585214674472809,0.2189538221756804,0.0993318930268288,2017,True
Serbia,5.39499998092651,73,0.9107543152940855,1.25818979740143,0.65078467130661,0.208715528249741,0.220125883817673,0.0409037806093693,2017,True
Jordan,5.33599996566772,74,0.991012394428253,1.23908889293671,0.6168077101280999,0.4078966831779054,0.172170460224152,0.11980327218771,2017,True
Hungary,5.32399988174438,75,0.9107543152940855,1.34313309192657,0.687763452529907,0.175863519310951,0.0784016624093056,0.0366369374096394,2017,True
Jamaica,5.31099987030029,76,0.925579309463501,1.36821806430817,0.641022384166718,0.474307239055634,0.233818337321281,0.12493232866667803,2017,False
Croatia,5.29300022125244,77,1.22255623340607,0.96798300743103,0.701288521289825,0.255772292613983,0.248002976179123,0.0431031100451946,2017,False
Kosovo,5.27899980545044,78,0.951484382152557,1.13785350322723,0.541452050209045,0.260287940502167,0.319931447505951,0.12493232866667803,2017,False
China,5.27299976348877,79,1.08116579055786,1.16083741188049,0.741415500640869,0.472787708044052,0.0288068410009146,0.0227942746132612,2017,False
Pakistan,5.26900005340576,80,0.72688353061676,1.0761487544749853,0.402047783136368,0.23521526157856,0.315446019172668,0.12493232866667803,2017,False
Indonesia,5.26200008392334,81,0.995538592338562,1.27444469928741,0.492345720529556,0.443323463201523,0.611704587936401,0.0153171354904771,2017,False
Venezuela,5.25,82,1.12843120098114,1.43133759498596,0.617144227027893,0.153997123241425,0.0650196298956871,0.12493232866667803,2017,False
Montenegro,5.23699998855591,83,1.12112903594971,1.23837649822235,0.667464673519135,0.194989055395126,0.197911024093628,0.0881741940975189,2017,False
Morocco,5.2350001335144,84,0.878114581108093,0.774864435195923,0.59771066904068,0.408158332109451,0.0322099551558495,0.12493232866667803,2017,False
Azerbaijan,5.23400020599365,85,1.15360176563263,1.15240025520325,0.540775775909424,0.4078966831779054,0.2189538221756804,0.180987507104874,2017,False
Dominican Republic,5.23000001907349,86,1.07937383651733,1.40241670608521,0.6168077101280999,0.55258983373642,0.186967849731445,0.113945253193378,2017,False
Greece,5.22700023651123,87,1.28948748111725,1.23941457271576,0.810198903083801,0.0957312509417534,0.0,0.12493232866667803,2017,False
Lebanon,5.22499990463257,88,1.07498753070831,1.12962424755096,0.735081076622009,0.288515985012054,0.2189538221756804,0.037513829767704,2017,False
Portugal,5.19500017166138,89,1.3151752948761,1.36704301834106,0.795843541622162,0.498465299606323,0.0951027125120163,0.0158694516867399,2017,False
Bosnia And Herzegovina,5.18200016021729,90,0.982409417629242,1.0693359375,0.705186307430267,0.204403176903725,0.2189538221756804,0.0,2017,False
Honduras,5.18100023269653,91,0.730573117733002,1.0761487544749853,0.582569479942322,0.4078966831779054,0.236188873648643,0.0733454525470734,2017,False
Macedonia,5.17500019073486,92,1.06457793712616,1.20789301395416,0.644948184490204,0.325905978679657,0.25376096367836,0.12493232866667803,2017,False
Somalia,5.15100002288818,93,0.0226431842893362,0.721151351928711,0.113989137113094,0.602126955986023,0.291631311178207,0.282410323619843,2017,False
Vietnam,5.07399988174438,94,0.788547575473785,1.27749133110046,0.652168989181519,0.571055591106415,0.234968051314354,0.0876332372426987,2017,False
Nigeria,5.07399988174438,95,0.783756256103516,1.21577048301697,0.0569157302379608,0.394952565431595,0.230947196483612,0.0261215660721064,2017,False
Tajikistan,5.04099988937378,96,0.524713635444641,1.27146327495575,0.529235124588013,0.471566706895828,0.248997643589973,0.146377146244049,2017,False
Bhutan,5.01100015640259,97,0.885416388511658,1.34012651443481,0.495879292488098,0.501537680625916,0.474054545164108,0.173380389809608,2017,False
Kyrgyzstan,5.00400018692017,98,0.596220076084137,1.39423859119415,0.553457796573639,0.454943388700485,0.42858037352562,0.0394391790032387,2017,False
Nepal,4.96199989318848,99,0.479820191860199,1.0761487544749853,0.504130780696869,0.440305948257446,0.394096165895462,0.0729755461215973,2017,False
Mongolia,4.95499992370605,100,0.9107543152940855,1.0761487544749853,0.557783484458923,0.394143968820572,0.338464230298996,0.0329022891819477,2017,False
South Africa,4.8289999961853,101,1.05469870567322,1.38478863239288,0.187080070376396,0.479246735572815,0.139362379908562,0.0725094974040985,2017,False
Tunisia,4.80499982833862,102,1.00726580619812,0.868351459503174,0.613212049007416,0.289680689573288,0.0496933571994305,0.0867231488227844,2017,False
Palestinian Territories,4.77500009536743,103,0.716249227523804,1.15564715862274,0.565666973590851,0.25471106171608,0.114173173904419,0.0892826020717621,2017,False
Egypt,4.7350001335144,104,0.989701807498932,0.997471392154694,0.6168077101280999,0.282110154628754,0.128631442785263,0.114381365478039,2017,False
Bulgaria,4.71400022506714,105,1.1614590883255,1.43437945842743,0.708217680454254,0.289231717586517,0.113177694380283,0.0110515309497714,2017,False
Sierra Leone,4.70900011062622,106,0.36842092871666,0.984136044979095,0.0055647538974881,0.4078966831779054,0.293040901422501,0.0710951760411263,2017,False
Cameroon,4.69500017166138,107,0.564305365085602,0.946018218994141,0.132892116904259,0.430388748645782,0.236298456788063,0.0513066314160824,2017,False
Iran,4.69199991226196,108,1.15687310695648,1.0761487544749853,0.639333188533783,0.249322608113289,0.387242913246155,0.048761073499918,2017,False
Albania,4.64400005340576,109,0.996192753314972,0.803685247898102,0.731159746646881,0.381498634815216,0.201312944293022,0.0398642159998417,2017,False
Bangladesh,4.60799980163574,110,0.586682975292206,0.735131740570068,0.533241033554077,0.478356659412384,0.172255352139473,0.123717859387398,2017,False
Namibia,4.57399988174438,111,0.964434325695038,1.0984708070755,0.33861181139946,0.520303547382355,0.0771337449550629,0.0931469723582268,2017,False
Kenya,4.55299997329712,112,0.560479462146759,1.06795072555542,0.309988349676132,0.452763766050339,0.444860309362411,0.0646413192152977,2017,False
Mozambique,4.55000019073486,113,0.234305649995804,0.870701014995575,0.106654435396194,0.480791091918945,0.322228103876114,0.179436385631561,2017,False
Myanmar,4.54500007629395,114,0.367110550403595,1.0761487544749853,0.397522568702698,0.514492034912109,0.838075160980225,0.188816204667091,2017,False
Senegal,4.53499984741211,115,0.479309022426605,1.17969191074371,0.409362852573395,0.377922266721725,0.183468893170357,0.115460447967052,2017,False
Zambia,4.51399993896484,116,0.636406779289246,1.00318729877472,0.257835894823074,0.461603492498398,0.249580144882202,0.0782135501503944,2017,False
Iraq,4.49700021743774,117,1.10271048545837,0.978613197803497,0.501180469989777,0.288555532693863,0.19963726401329,0.107215754687786,2017,False
Gabon,4.46500015258789,118,0.9107543152940855,1.1556202173233,0.356578588485718,0.312328577041626,0.0437853783369064,0.0760467872023582,2017,False
Ethiopia,4.46000003814697,119,0.339233845472336,0.86466920375824,0.353409707546234,0.4078966831779054,0.312650740146637,0.165455713868141,2017,False
Sri Lanka,4.44000005722046,120,1.00985014438629,1.25997638702393,0.625130832195282,0.561213254928589,0.490863561630249,0.0736539661884308,2017,False
Armenia,4.37599992752075,121,0.900596737861633,1.00748372077942,0.637524425983429,0.198303267359734,0.0834880918264389,0.0266744215041399,2017,False
India,4.31500005722046,122,0.792221248149872,0.754372596740723,0.455427616834641,0.469987004995346,0.231538489460945,0.0922268852591515,2017,False
Mauritania,4.29199981689453,123,0.648457288742065,1.2720308303833,0.285349279642105,0.0960980430245399,0.201870024204254,0.136957004666328,2017,False
Congo (Brazzaville),4.29099988937378,124,0.808964252471924,0.832044363021851,0.28995743393898,0.435025870800018,0.120852127671242,0.0796181336045265,2017,False
Georgia,4.28599977493286,125,0.9107543152940855,0.57061493396759,0.649546980857849,0.4078966831779054,0.0540088154375553,0.251666635274887,2017,False
Congo (Kinshasa),4.28000020980835,126,0.0921023488044739,1.22902345657349,0.191407024860382,0.235961347818375,0.246455833315849,0.0602413564920425,2017,False
Mali,4.19000005722046,127,0.476180493831635,1.28147339820862,0.169365674257278,0.306613743305206,0.183354198932648,0.104970246553421,2017,False
Ivory Coast,4.17999982833862,128,0.603048920631409,0.904780030250549,0.0486421696841717,0.447706192731857,0.201237469911575,0.130061775445938,2017,False
Cambodia,4.16800022125244,129,0.601765096187592,1.00623834133148,0.429783403873444,0.633375823497772,0.385922968387604,0.0681059509515762,2017,False
Sudan,4.13899993896484,130,0.65951669216156,1.21400856971741,0.290920823812485,0.0149958552792668,0.182317450642586,0.089847519993782,2017,False
Ghana,4.11999988555908,131,0.667224824428558,0.873664736747742,0.295637726783752,0.423026293516159,0.256923943758011,0.0253363698720932,2017,False
Ukraine,4.09600019454956,132,0.89465194940567,1.0761487544749853,0.575903952121735,0.122974775731564,0.270061463117599,0.12493232866667803,2017,False
Uganda,4.08099985122681,133,0.381430715322495,1.12982773780823,0.217632606625557,0.443185955286026,0.325766056776047,0.057069718837738,2017,False
Burkina Faso,4.03200006484985,134,0.3502277135849,1.04328000545502,0.215844258666039,0.324367851018906,0.250864684581757,0.120328105986118,2017,False
Niger,4.02799987792969,135,0.161925330758095,0.993025004863739,0.26850500702858,0.36365869641304,0.228673845529556,0.138572946190834,2017,False
Malawi,3.97000002861023,136,0.233442038297653,1.0761487544749853,0.315089583396912,0.466914653778076,0.2189538221756804,0.0727116540074348,2017,False
Chad,3.93600010871887,137,0.438012987375259,0.953855872154236,0.0411347150802612,0.16234202682972,0.216113850474358,0.0535818822681904,2017,False
Zimbabwe,3.875,138,0.9107543152940855,1.08309590816498,0.196763753890991,0.336384207010269,0.2189538221756804,0.0953753814101219,2017,False
Lesotho,3.80800008773804,139,0.521021246910095,1.19009518623352,0.0,0.390661299228668,0.157497271895409,0.119094640016556,2017,False
Angola,3.79500007629395,140,0.858428180217743,1.10441195964813,0.6168077101280999,0.0,0.097926490008831,0.0697203353047371,2017,False
Afghanistan,3.79399991035461,141,0.401477217674255,0.581543326377869,0.180746778845787,0.106179520487785,0.311870932579041,0.0611578300595284,2017,False
Botswana,3.76600003242493,142,1.12209415435791,1.22155499458313,0.341755509376526,0.505196332931519,0.0993484482169151,0.0985831990838051,2017,False
Benin,3.65700006484985,143,0.431085407733917,0.435299843549728,0.209930211305618,0.425962775945663,0.207948461174965,0.0609290152788162,2017,False
Madagascar,3.64400005340576,144,0.305808693170547,0.913020372390747,0.375223308801651,0.189196765422821,0.208732530474663,0.0672319754958153,2017,False
Haiti,3.6029999256134,145,0.368610262870789,0.640449821949005,0.277321130037308,0.0303698573261499,0.489203780889511,0.0998721495270729,2017,False
Yemen,3.59299993515015,146,0.591683447360992,0.93538224697113,0.310080915689468,0.249463722109795,0.104125209152699,0.0567674227058887,2017,False
South Sudan,3.59100008010864,147,0.39724862575531,0.601323127746582,0.163486003875732,0.147062435746193,0.285670816898346,0.116793513298035,2017,False
Liberia,3.53299999237061,148,0.119041793048382,0.872117936611176,0.6168077101280999,0.332881182432175,0.26654988527298,0.0389482490718365,2017,False
Guinea,3.50699996948242,149,0.244549930095673,0.791244685649872,0.194129139184952,0.348587512969971,0.2189538221756804,0.110937617719173,2017,False
Togo,3.49499988555908,150,0.305444717407227,0.431882530450821,0.247105568647385,0.38042613863945,0.2189538221756804,0.0956650152802467,2017,False
Rwanda,3.47099995613098,151,0.368745893239975,0.945707023143768,0.6168077101280999,0.581843852996826,0.252756029367447,0.455220013856888,2017,False
Syria,3.46199989318848,152,0.9107543152940855,0.396102607250214,0.6168077101280999,0.0815394446253777,0.493663728237152,0.151347130537033,2017,False
Tanzania,3.34899997711182,153,0.511135876178741,1.04198980331421,0.364509284496307,0.390017777681351,0.354256361722946,0.0660351067781448,2017,False
Burundi,2.90499997138977,154,0.091622568666935,1.0761487544749853,0.151610791683197,0.0599007532000542,0.204435184597969,0.0841479450464249,2017,False
Central African Republic,2.69300007820129,155,0.0,0.0,0.0187726859003305,0.270842045545578,0.280876487493515,0.0565650761127472,2017,False
Finland,7.632,1,1.305,1.592,0.874,0.681,0.202,0.393,2018,True
Norway,7.594,2,1.456,1.582,0.861,0.686,0.286,0.34,2018,True
Denmark,7.555,3,1.351,1.59,0.868,0.683,0.284,0.408,2018,True
Iceland,7.495,4,1.343,1.644,0.914,0.677,0.353,0.138,2018,True
Switzerland,7.487,5,1.42,1.549,0.927,0.66,0.256,0.357,2018,True
Netherlands,7.441,6,1.361,1.488,0.878,0.4078966831779054,0.333,0.295,2018,True
Canada,7.328,7,1.33,1.532,0.896,0.653,0.321,0.291,2018,True
New Zealand,7.324,8,1.268,1.601,0.876,0.669,0.365,0.389,2018,True
Sweden,7.314,9,1.355,1.501,0.913,0.659,0.285,0.383,2018,True
Australia,7.272,10,1.34,1.573,0.91,0.647,0.361,0.302,2018,True
United Kingdom,7.19,11,1.244,1.433,0.888,0.464,0.2189538221756804,0.082,2018,True
Austria,7.139,12,1.341,1.504,0.891,0.617,0.242,0.224,2018,True
Costa Rica,7.072,13,1.01,1.459,0.817,0.632,0.143,0.101,2018,True
Ireland,6.977,14,1.448,1.583,0.6168077101280999,0.614,0.307,0.306,2018,True
Germany,6.965,15,1.34,1.474,0.861,0.586,0.273,0.28,2018,True
Belgium,6.927,16,1.324,1.483,0.894,0.583,0.188,0.12493232866667803,2018,True
Luxembourg,6.91,17,1.576,1.52,0.896,0.4078966831779054,0.196,0.321,2018,True
United States,6.886,18,1.398,1.471,0.819,0.547,0.291,0.133,2018,True
Israel,6.814,19,0.9107543152940855,1.559,0.883,0.4078966831779054,0.354,0.272,2018,True
United Arab Emirates,6.774,20,0.9107543152940855,1.0761487544749853,0.67,0.284,0.186,0.12493232866667803,2018,True
Czech Republic,6.711,21,1.233,1.0761487544749853,0.854,0.543,0.064,0.034,2018,True
Malta,6.627,22,1.27,1.0761487544749853,0.6168077101280999,0.645,0.376,0.142,2018,True
France,6.489,23,1.293,1.466,0.908,0.52,0.098,0.176,2018,True
Mexico,6.488,24,1.038,1.252,0.6168077101280999,0.479,0.069,0.095,2018,True
Chile,6.476,25,1.131,1.331,0.808,0.4078966831779054,0.197,0.12493232866667803,2018,True
Taiwan,6.441,26,1.365,1.436,0.857,0.4078966831779054,0.151,0.078,2018,True
Panama,6.43,27,1.112,1.438,0.759,0.597,0.125,0.063,2018,True
Brazil,6.419,28,0.986,1.474,0.675,0.4078966831779054,0.11,0.088,2018,True
Argentina,6.388,29,1.073,1.468,0.744,0.57,0.062,0.054,2018,True
Guatemala,6.382,30,0.781,1.268,0.608,0.604,0.179,0.071,2018,True
Uruguay,6.379,31,0.9107543152940855,1.459,0.771,0.625,0.13,0.155,2018,True
Qatar,6.374,32,0.9107543152940855,1.303,0.748,0.654,0.256,0.171,2018,True
Saudi Arabia,6.371,33,1.379,1.331,0.633,0.509,0.2189538221756804,0.127,2018,True
Singapore,6.343,34,1.529,1.451,1.008,0.631,0.261,0.457,2018,True
Malaysia,6.322,35,1.161,1.258,0.669,0.356,0.311,0.059,2018,True
Spain,6.31,36,1.251,1.538,0.965,0.449,0.2189538221756804,0.074,2018,True
Colombia,6.26,37,0.96,1.439,0.635,0.531,0.099,0.039,2018,True
Trinidad & Tobago,6.192,38,1.223,1.492,0.564,0.575,0.171,0.019,2018,True
Slovakia,6.173,39,0.9107543152940855,1.537,0.776,0.354,0.118,0.014,2018,True
El Salvador,6.167,40,0.806,1.231,0.639,0.461,0.065,0.082,2018,True
Nicaragua,6.141,41,0.668,1.319,0.7,0.527,0.208,0.128,2018,True
Poland,6.123,42,1.176,1.0761487544749853,0.781,0.546,0.108,0.064,2018,True
Bahrain,6.105,43,1.338,1.366,0.698,0.594,0.243,0.12493232866667803,2018,True
Uzbekistan,6.096,44,0.719,1.584,0.605,0.724,0.328,0.12493232866667803,2018,True
Kuwait,6.083,45,1.474,1.301,0.675,0.554,0.167,0.106,2018,True
Thailand,6.072,46,1.016,1.417,0.707,0.637,0.364,0.029,2018,True
Italy,6.0,47,1.264,1.501,0.946,0.281,0.137,0.028,2018,True
Ecuador,5.973,48,0.889,1.33,0.736,0.556,0.114,0.12,2018,True
Belize,5.956,49,0.807,1.101,0.474,0.593,0.2189538221756804,0.089,2018,True
Lithuania,5.952,50,0.9107543152940855,1.527,0.6168077101280999,0.35,0.026,0.006,2018,True
Slovenia,5.948,51,1.219,1.506,0.856,0.633,0.2189538221756804,0.051,2018,True
Romania,5.945,52,1.116,1.219,0.726,0.528,0.2189538221756804,0.001,2018,True
Latvia,5.933,53,0.9107543152940855,1.454,0.671,0.363,0.092,0.066,2018,True
Japan,5.915,54,1.294,1.462,0.988,0.553,0.2189538221756804,0.12493232866667803,2018,True
Mauritius,5.891,55,1.09,1.387,0.684,0.584,0.245,0.05,2018,True
Jamaica,5.89,56,0.819,1.493,0.693,0.575,0.096,0.031,2018,True
South Korea,5.875,57,1.266,1.204,0.955,0.244,0.2189538221756804,0.051,2018,True
Northern Cyprus,5.835,58,1.229,1.211,0.909,0.495,0.179,0.154,2018,True
Russia,5.81,59,1.151,1.479,0.599,0.4078966831779054,0.065,0.025,2018,True
Kazakhstan,5.79,60,1.143,1.516,0.631,0.454,0.148,0.121,2018,True
Cyprus,5.762,61,1.229,1.191,0.909,0.423,0.202,0.035,2018,True
Bolivia,5.752,62,0.751,1.223,0.508,0.606,0.141,0.054,2018,True
Estonia,5.739,63,1.2,1.532,0.737,0.553,0.086,0.12493232866667803,2018,True
Paraguay,5.681,64,0.9107543152940855,1.522,0.615,0.541,0.162,0.074,2018,True
Peru,5.663,65,0.934,1.249,0.6168077101280999,0.53,0.092,0.12493232866667803,2018,True
Kosovo,5.662,66,0.855,1.23,0.578,0.448,0.274,0.023,2018,True
Moldova,5.64,67,0.9107543152940855,1.0761487544749853,0.62,0.232,0.171,0.0,2018,True
Turkmenistan,5.636,68,1.016,1.0761487544749853,0.517,0.4078966831779054,0.199,0.037,2018,True
Hungary,5.62,69,1.171,1.401,0.732,0.259,0.061,0.12493232866667803,2018,True
Libya,5.566,70,0.985,1.35,0.6168077101280999,0.496,0.116,0.148,2018,True
Philippines,5.524,71,0.9107543152940855,1.312,0.513,0.643,0.12,0.105,2018,True
Honduras,5.504,72,0.62,1.205,0.622,0.459,0.197,0.074,2018,True
Belarus,5.483,73,1.039,1.0761487544749853,0.7,0.307,0.101,0.154,2018,True
Turkey,5.483,74,1.148,1.38,0.686,0.324,0.106,0.109,2018,True
Pakistan,5.472,75,0.652,0.81,0.424,0.334,0.216,0.113,2018,True
Hong Kong,5.43,76,1.405,1.29,1.03,0.524,0.246,0.291,2018,True
Portugal,5.41,77,1.188,1.429,0.884,0.562,0.055,0.017,2018,True
Serbia,5.398,78,0.975,1.369,0.685,0.288,0.134,0.043,2018,True
Greece,5.358,79,1.154,1.202,0.879,0.131,0.0,0.044,2018,True
Lebanon,5.358,80,0.965,1.179,0.785,0.503,0.214,0.12493232866667803,2018,True
Montenegro,5.347,81,1.017,1.279,0.729,0.259,0.111,0.081,2018,True
Croatia,5.321,82,1.115,1.161,0.737,0.38,0.12,0.039,2018,True
Dominican Republic,5.302,83,0.982,1.441,0.614,0.578,0.12,0.106,2018,False
Algeria,5.295,84,0.979,1.154,0.687,0.077,0.055,0.135,2018,False
Morocco,5.254,85,0.779,0.797,0.669,0.46,0.2189538221756804,0.074,2018,False
China,5.246,86,0.989,1.142,0.6168077101280999,0.4078966831779054,0.029,0.103,2018,False
Azerbaijan,5.201,87,1.024,1.0761487544749853,0.603,0.43,0.031,0.176,2018,False
Tajikistan,5.199,88,0.474,1.166,0.598,0.292,0.187,0.034,2018,False
Macedonia,5.185,89,0.959,1.239,0.691,0.394,0.173,0.12493232866667803,2018,False
Jordan,5.161,90,0.822,1.265,0.645,0.468,0.13,0.134,2018,False
Nigeria,5.155,91,0.689,1.172,0.048,0.462,0.201,0.032,2018,False
Kyrgyzstan,5.131,92,0.53,1.416,0.594,0.54,0.281,0.035,2018,False
Bosnia And Herzegovina,5.129,93,0.915,1.078,0.6168077101280999,0.28,0.216,0.0,2018,False
Mongolia,5.125,94,0.914,1.517,0.575,0.395,0.253,0.032,2018,False
Vietnam,5.103,95,0.715,1.365,0.702,0.618,0.177,0.079,2018,False
Indonesia,5.093,96,0.899,1.215,0.522,0.538,0.484,0.018,2018,False
Bhutan,5.082,97,0.796,1.335,0.527,0.541,0.364,0.171,2018,False
Somalia,4.982,98,0.0,0.712,0.115,0.674,0.238,0.282,2018,False
Cameroon,4.975,99,0.535,0.891,0.182,0.454,0.2189538221756804,0.043,2018,False
Bulgaria,4.933,100,1.054,1.515,0.712,0.359,0.064,0.009,2018,False
Nepal,4.88,101,0.425,1.0761487544749853,0.539,0.526,0.302,0.12493232866667803,2018,False
Venezuela,4.806,102,0.996,1.0761487544749853,0.657,0.133,0.056,0.052,2018,False
Gabon,4.758,103,1.036,1.164,0.404,0.4078966831779054,0.032,0.052,2018,False
Palestinian Territories,4.743,104,0.642,1.217,0.6168077101280999,0.266,0.086,0.12493232866667803,2018,False
South Africa,4.724,105,0.9107543152940855,1.41,0.33,0.516,0.103,0.056,2018,False
Iran,4.707,106,1.059,0.771,0.691,0.459,0.282,0.129,2018,False
Ivory Coast,4.671,107,0.541,0.872,0.08,0.467,0.146,0.103,2018,False
Ghana,4.657,108,0.592,0.896,0.337,0.499,0.2189538221756804,0.029,2018,False
Senegal,4.631,109,0.429,1.117,0.433,0.4078966831779054,0.138,0.082,2018,False
Laos,4.623,110,0.72,1.034,0.441,0.626,0.23,0.174,2018,False
Tunisia,4.592,111,0.9,0.906,0.69,0.271,0.04,0.063,2018,False
Albania,4.586,112,0.916,0.817,0.79,0.419,0.149,0.032,2018,False
Sierra Leone,4.571,113,0.256,0.813,0.6168077101280999,0.355,0.2189538221756804,0.053,2018,False
Congo (Brazzaville),4.559,114,0.682,0.811,0.343,0.514,0.091,0.077,2018,False
Bangladesh,4.5,115,0.532,0.85,0.579,0.4078966831779054,0.153,0.144,2018,False
Sri Lanka,4.471,116,0.918,1.314,0.672,0.585,0.2189538221756804,0.05,2018,False
Iraq,4.456,117,1.01,0.971,0.536,0.304,0.148,0.095,2018,False
Mali,4.447,118,0.37,1.233,0.152,0.367,0.139,0.056,2018,False
Namibia,4.441,119,0.874,1.0761487544749853,0.365,0.519,0.051,0.064,2018,False
Cambodia,4.433,120,0.549,1.088,0.457,0.696,0.256,0.065,2018,False
Burkina Faso,4.424,121,0.314,1.097,0.254,0.312,0.175,0.128,2018,False
Egypt,4.419,122,0.885,1.0761487544749853,0.553,0.312,0.092,0.107,2018,False
Mozambique,4.417,123,0.198,0.902,0.173,0.531,0.206,0.12493232866667803,2018,False
Kenya,4.41,124,0.493,1.048,0.454,0.504,0.352,0.055,2018,False
Zambia,4.377,125,0.562,1.047,0.6168077101280999,0.503,0.221,0.082,2018,False
Mauritania,4.356,126,0.557,1.245,0.292,0.129,0.134,0.093,2018,False
Ethiopia,4.35,127,0.308,0.95,0.391,0.452,0.22,0.146,2018,False
Georgia,4.34,128,0.853,0.592,0.643,0.375,0.038,0.215,2018,False
Armenia,4.321,129,0.816,0.99,0.666,0.26,0.077,0.028,2018,False
Myanmar,4.308,130,0.682,1.0761487544749853,0.429,0.58,0.598,0.178,2018,False
Chad,4.301,131,0.358,1.0761487544749853,0.6168077101280999,0.4078966831779054,0.181,0.06,2018,False
Congo (Kinshasa),4.245,132,0.069,1.136,0.6168077101280999,0.312,0.197,0.052,2018,False
India,4.19,133,0.721,0.747,0.485,0.539,0.172,0.093,2018,False
Niger,4.166,134,0.131,0.867,0.221,0.4078966831779054,0.175,0.099,2018,False
Uganda,4.161,135,0.322,1.09,0.237,0.45,0.259,0.061,2018,False
Benin,4.141,136,0.378,0.372,0.24,0.44,0.163,0.12493232866667803,2018,False
Sudan,4.139,137,0.605,1.24,0.312,0.016,0.134,0.082,2018,False
Ukraine,4.103,138,0.793,1.413,0.609,0.163,0.2189538221756804,0.011,2018,False
Togo,3.999,139,0.9107543152940855,0.474,0.253,0.434,0.158,0.101,2018,False
Guinea,3.964,140,0.344,0.792,0.211,0.394,0.185,0.094,2018,False
Lesotho,3.808,141,0.9107543152940855,1.215,0.079,0.423,0.116,0.112,2018,False
Angola,3.795,142,0.73,1.125,0.269,0.0,0.079,0.061,2018,False
Madagascar,3.774,143,0.262,0.908,0.402,0.221,0.155,0.049,2018,False
Zimbabwe,3.692,144,0.9107543152940855,1.094,0.248,0.406,0.132,0.099,2018,False
Afghanistan,3.632,145,0.332,0.537,0.255,0.085,0.191,0.036,2018,False
Botswana,3.59,146,1.017,1.174,0.417,0.557,0.042,0.092,2018,False
Malawi,3.587,147,0.186,0.541,0.6168077101280999,0.531,0.21,0.08,2018,False
Haiti,3.582,148,0.315,0.714,0.289,0.025,0.392,0.104,2018,False
Liberia,3.495,149,0.076,0.858,0.267,0.4078966831779054,0.206,0.03,2018,False
Syria,3.462,150,0.689,0.382,0.539,0.088,0.376,0.144,2018,False
Rwanda,3.408,151,0.9107543152940855,0.896,0.6168077101280999,0.636,0.2,0.12493232866667803,2018,False
Yemen,3.355,152,0.442,1.073,0.343,0.244,0.083,0.064,2018,False
Tanzania,3.303,153,0.455,0.991,0.381,0.481,0.27,0.097,2018,False
South Sudan,3.254,154,0.337,0.608,0.177,0.112,0.224,0.106,2018,False
Central African Republic,3.083,155,0.024,1.0761487544749853,0.01,0.305,0.2189538221756804,0.038,2018,False
Burundi,2.905,156,0.091,0.627,0.145,0.065,0.149,0.076,2018,False
Finland,7.769,1,1.34,1.587,0.6168077101280999,0.4078966831779054,0.153,0.393,2019,True
Denmark,7.6,2,1.383,1.573,0.996,0.592,0.252,0.12493232866667803,2019,True
Norway,7.554,3,1.488,1.582,1.028,0.603,0.271,0.341,2019,True
Iceland,7.494,4,1.38,1.624,0.6168077101280999,0.591,0.2189538221756804,0.118,2019,True
Netherlands,7.488,5,1.396,1.522,0.999,0.557,0.322,0.298,2019,True
Switzerland,7.48,6,1.452,1.526,0.6168077101280999,0.4078966831779054,0.263,0.343,2019,True
Sweden,7.343,7,1.387,1.487,1.009,0.4078966831779054,0.267,0.12493232866667803,2019,True
New Zealand,7.307,8,1.303,1.557,1.026,0.585,0.33,0.12493232866667803,2019,True
Canada,7.278,9,1.365,1.0761487544749853,1.039,0.584,0.285,0.308,2019,True
Austria,7.246,10,1.376,1.475,1.016,0.532,0.244,0.226,2019,True
Australia,7.228,11,1.372,1.0761487544749853,1.036,0.557,0.332,0.29,2019,True
Costa Rica,7.167,12,1.034,1.441,0.963,0.558,0.144,0.093,2019,True
Israel,7.139,13,1.276,1.455,1.029,0.371,0.261,0.082,2019,True
Luxembourg,7.09,14,1.609,1.479,1.012,0.526,0.194,0.316,2019,True
United Kingdom,7.054,15,1.333,1.538,0.996,0.45,0.348,0.278,2019,True
Ireland,7.021,16,1.499,1.553,0.999,0.4078966831779054,0.298,0.31,2019,True
Germany,6.985,17,1.373,1.0761487544749853,0.987,0.495,0.261,0.265,2019,True
Belgium,6.923,18,1.356,1.504,0.986,0.473,0.16,0.21,2019,True
United States,6.892,19,1.433,1.457,0.874,0.454,0.28,0.128,2019,True
Czech Republic,6.852,20,1.269,1.487,0.92,0.457,0.046,0.036,2019,True
United Arab Emirates,6.825,21,1.503,1.31,0.825,0.598,0.262,0.182,2019,True
Malta,6.726,22,1.3,1.52,0.999,0.564,0.375,0.151,2019,True
Mexico,6.595,23,1.07,1.323,0.861,0.4078966831779054,0.074,0.073,2019,True
France,6.592,24,1.324,1.472,1.045,0.4078966831779054,0.111,0.183,2019,True
Taiwan,6.446,25,0.9107543152940855,1.43,0.914,0.351,0.242,0.097,2019,True
Guatemala,6.436,27,0.8,1.0761487544749853,0.746,0.535,0.2189538221756804,0.078,2019,True
Saudi Arabia,6.375,28,1.403,1.357,0.795,0.439,0.08,0.132,2019,True
Qatar,6.374,29,1.684,1.313,0.871,0.555,0.22,0.167,2019,True
Spain,6.354,30,1.286,1.484,1.062,0.362,0.153,0.079,2019,True
Panama,6.321,31,0.9107543152940855,1.442,0.91,0.516,0.109,0.054,2019,True
Brazil,6.3,32,0.9107543152940855,1.439,0.802,0.39,0.099,0.086,2019,True
Uruguay,6.293,33,1.124,1.465,0.891,0.523,0.127,0.12493232866667803,2019,True
Singapore,6.262,34,1.572,1.463,1.141,0.556,0.271,0.453,2019,True
El Salvador,6.253,35,0.794,1.242,0.789,0.4078966831779054,0.2189538221756804,0.074,2019,True
Italy,6.223,36,1.294,1.488,1.039,0.231,0.158,0.03,2019,True
Bahrain,6.199,37,1.362,1.368,0.871,0.536,0.255,0.12493232866667803,2019,True
Slovakia,6.198,38,1.246,1.504,0.881,0.334,0.121,0.014,2019,True
Trinidad & Tobago,6.192,39,1.231,1.477,0.713,0.489,0.185,0.016,2019,True
Poland,6.182,40,1.206,1.438,0.884,0.483,0.2189538221756804,0.05,2019,True
Uzbekistan,6.174,41,0.745,1.0761487544749853,0.756,0.631,0.322,0.24,2019,True
Lithuania,6.149,42,1.238,1.515,0.6168077101280999,0.291,0.043,0.042,2019,True
Colombia,6.125,43,0.985,1.0761487544749853,0.841,0.47,0.099,0.12493232866667803,2019,True
Slovenia,6.118,44,1.258,1.0761487544749853,0.953,0.564,0.144,0.057,2019,True
Nicaragua,6.105,45,0.9107543152940855,1.325,0.835,0.435,0.2,0.127,2019,True
Kosovo,6.1,46,0.882,1.232,0.758,0.489,0.262,0.006,2019,True
Romania,6.07,48,1.162,1.232,0.825,0.462,0.083,0.005,2019,True
Cyprus,6.046,49,0.9107543152940855,1.223,1.042,0.406,0.19,0.041,2019,True
Ecuador,6.028,50,0.912,1.312,0.868,0.498,0.126,0.087,2019,True
Kuwait,6.021,51,1.5,1.319,0.808,0.4078966831779054,0.142,0.12493232866667803,2019,True
Thailand,6.008,52,1.05,1.409,0.828,0.557,0.2189538221756804,0.028,2019,True
Latvia,5.94,53,1.187,1.465,0.812,0.264,0.075,0.064,2019,True
South Korea,5.895,54,1.301,1.219,1.036,0.159,0.175,0.056,2019,True
Estonia,5.893,55,1.237,1.528,0.874,0.495,0.2189538221756804,0.161,2019,True
Jamaica,5.89,56,0.831,1.478,0.831,0.49,0.107,0.028,2019,True
Mauritius,5.888,57,1.12,1.402,0.798,0.498,0.215,0.06,2019,True
Japan,5.886,58,1.327,1.419,1.088,0.445,0.069,0.14,2019,True
Honduras,5.86,59,0.642,1.236,0.828,0.507,0.246,0.078,2019,True
Kazakhstan,5.809,60,1.173,1.508,0.729,0.41,0.146,0.096,2019,True
Bolivia,5.779,61,0.776,1.209,0.6168077101280999,0.511,0.2189538221756804,0.064,2019,True
Hungary,5.758,62,1.201,1.41,0.828,0.199,0.081,0.02,2019,True
Paraguay,5.743,63,0.855,1.475,0.777,0.514,0.184,0.08,2019,True
Northern Cyprus,5.718,64,1.263,1.252,1.042,0.4078966831779054,0.191,0.162,2019,True
Peru,5.697,65,0.96,1.274,0.854,0.455,0.2189538221756804,0.027,2019,True
Portugal,5.693,66,1.221,1.431,0.999,0.4078966831779054,0.047,0.025,2019,True
Pakistan,5.653,67,0.677,0.886,0.6168077101280999,0.313,0.22,0.098,2019,True
Russia,5.648,68,1.183,1.452,0.726,0.334,0.2189538221756804,0.031,2019,True
Philippines,5.631,69,0.807,1.293,0.657,0.558,0.117,0.12493232866667803,2019,True
Serbia,5.603,70,1.004,1.0761487544749853,0.854,0.282,0.137,0.039,2019,True
Moldova,5.529,71,0.9107543152940855,1.328,0.739,0.245,0.181,0.12493232866667803,2019,True
Libya,5.525,72,1.044,1.303,0.673,0.416,0.133,0.152,2019,True
Montenegro,5.523,73,1.051,1.361,0.871,0.197,0.142,0.08,2019,True
Tajikistan,5.467,74,0.493,1.098,0.718,0.389,0.23,0.144,2019,True
Hong Kong,5.43,76,1.438,1.277,1.122,0.4078966831779054,0.258,0.287,2019,True
Dominican Republic,5.425,77,0.9107543152940855,1.401,0.779,0.497,0.113,0.12493232866667803,2019,True
Bosnia And Herzegovina,5.386,78,0.945,1.212,0.845,0.212,0.263,0.006,2019,True
Turkey,5.373,79,0.9107543152940855,1.36,0.808,0.195,0.2189538221756804,0.106,2019,True
Malaysia,5.339,80,1.221,1.171,0.828,0.508,0.26,0.024,2019,True
Belarus,5.323,81,1.067,1.465,0.789,0.235,0.094,0.12493232866667803,2019,True
Greece,5.287,82,1.181,1.156,0.999,0.067,0.0,0.034,2019,False
Mongolia,5.285,83,0.948,1.531,0.667,0.317,0.235,0.038,2019,False
North Macedonia,5.274,84,0.983,1.294,0.838,0.345,0.185,0.034,2019,False
Nigeria,5.265,85,0.696,1.111,0.245,0.426,0.215,0.041,2019,False
Kyrgyzstan,5.261,86,0.9107543152940855,1.438,0.723,0.508,0.3,0.023,2019,False
Turkmenistan,5.247,87,0.9107543152940855,1.538,0.657,0.394,0.244,0.028,2019,False
Algeria,5.211,88,1.002,1.16,0.785,0.086,0.073,0.114,2019,False
Morocco,5.208,89,0.9107543152940855,0.782,0.782,0.418,0.036,0.076,2019,False
Azerbaijan,5.208,90,1.043,1.147,0.769,0.351,0.035,0.12493232866667803,2019,False
Lebanon,5.197,91,0.987,1.224,0.6168077101280999,0.216,0.166,0.027,2019,False
Indonesia,5.192,92,0.931,1.203,0.66,0.491,0.498,0.12493232866667803,2019,False
China,5.191,93,1.029,1.125,0.893,0.521,0.058,0.1,2019,False
Vietnam,5.175,94,0.741,1.346,0.851,0.543,0.147,0.12493232866667803,2019,False
Bhutan,5.082,95,0.813,1.321,0.604,0.4078966831779054,0.37,0.167,2019,False
Cameroon,5.044,96,0.549,0.91,0.331,0.381,0.187,0.037,2019,False
Bulgaria,5.011,97,1.092,1.513,0.815,0.311,0.081,0.004,2019,False
Ghana,4.996,98,0.611,0.868,0.486,0.381,0.245,0.04,2019,False
Ivory Coast,4.944,99,0.569,1.0761487544749853,0.232,0.352,0.154,0.09,2019,False
Jordan,4.906,101,0.837,1.225,0.815,0.383,0.2189538221756804,0.13,2019,False
Benin,4.883,102,0.393,0.437,0.6168077101280999,0.349,0.2189538221756804,0.12493232866667803,2019,False
Congo (Brazzaville),4.812,103,0.673,0.799,0.508,0.372,0.105,0.093,2019,False
Gabon,4.799,104,1.057,1.183,0.571,0.295,0.043,0.055,2019,False
Laos,4.796,105,0.764,1.03,0.551,0.547,0.266,0.164,2019,False
South Africa,4.722,106,0.96,1.351,0.469,0.389,0.13,0.055,2019,False
Albania,4.719,107,0.947,0.848,0.874,0.383,0.178,0.027,2019,False
Venezuela,4.707,108,0.96,1.0761487544749853,0.805,0.154,0.064,0.047,2019,False
Cambodia,4.7,109,0.574,1.0761487544749853,0.637,0.609,0.232,0.062,2019,False
Palestinian Territories,4.696,110,0.657,1.247,0.6168077101280999,0.225,0.103,0.066,2019,False
Senegal,4.681,111,0.45,1.134,0.571,0.292,0.153,0.072,2019,False
Somalia,4.668,112,0.9107543152940855,0.698,0.268,0.559,0.2189538221756804,0.27,2019,False
Namibia,4.639,113,0.879,1.313,0.477,0.401,0.07,0.056,2019,False
Niger,4.628,114,0.138,0.774,0.6168077101280999,0.318,0.188,0.102,2019,False
Burkina Faso,4.587,115,0.331,1.056,0.38,0.255,0.177,0.113,2019,False
Armenia,4.559,116,0.85,1.055,0.6168077101280999,0.283,0.095,0.064,2019,False
Iran,4.548,117,1.1,0.842,0.785,0.305,0.27,0.125,2019,False
Guinea,4.534,118,0.38,0.829,0.375,0.332,0.207,0.086,2019,False
Georgia,4.519,119,0.886,0.666,0.752,0.4078966831779054,0.043,0.164,2019,False
Gambia,4.516,120,0.308,0.939,0.428,0.382,0.269,0.167,2019,False
Kenya,4.509,121,0.512,0.983,0.581,0.431,0.2189538221756804,0.053,2019,False
Mauritania,4.49,122,0.57,1.167,0.489,0.066,0.106,0.088,2019,False
Mozambique,4.466,123,0.204,0.986,0.39,0.494,0.197,0.138,2019,False
Tunisia,4.461,124,0.921,1.0761487544749853,0.815,0.167,0.059,0.055,2019,False
Bangladesh,4.456,125,0.562,0.928,0.723,0.527,0.166,0.143,2019,False
Iraq,4.437,126,1.043,0.98,0.574,0.241,0.148,0.089,2019,False
Congo (Kinshasa),4.418,127,0.094,1.0761487544749853,0.357,0.269,0.212,0.053,2019,False
Mali,4.39,128,0.385,1.105,0.308,0.327,0.153,0.052,2019,False
Sri Lanka,4.366,130,0.9107543152940855,1.265,0.831,0.47,0.2189538221756804,0.047,2019,False
Myanmar,4.36,131,0.71,1.181,0.555,0.525,0.566,0.172,2019,False
Chad,4.35,132,0.35,0.766,0.192,0.174,0.198,0.078,2019,False
Ukraine,4.332,133,0.82,1.39,0.739,0.178,0.187,0.01,2019,False
Ethiopia,4.286,134,0.336,1.033,0.532,0.344,0.209,0.1,2019,False
Swaziland,4.212,135,0.811,1.0761487544749853,0.0,0.313,0.074,0.135,2019,False
Uganda,4.189,136,0.332,1.069,0.443,0.356,0.252,0.06,2019,False
Egypt,4.166,137,0.913,1.039,0.644,0.241,0.076,0.067,2019,False
Zambia,4.107,138,0.578,1.058,0.426,0.431,0.247,0.087,2019,False
Togo,4.085,139,0.275,0.572,0.41,0.293,0.177,0.085,2019,False
India,4.015,140,0.755,0.765,0.588,0.498,0.2,0.085,2019,False
Liberia,3.975,141,0.073,0.922,0.443,0.37,0.233,0.033,2019,False
Comoros,3.973,142,0.274,0.757,0.505,0.142,0.275,0.078,2019,False
Madagascar,3.933,143,0.274,0.916,0.555,0.148,0.169,0.041,2019,False
Lesotho,3.802,144,0.489,1.169,0.6168077101280999,0.359,0.107,0.093,2019,False
Burundi,3.775,145,0.046,1.0761487544749853,0.38,0.22,0.176,0.18,2019,False
Zimbabwe,3.663,146,0.9107543152940855,1.114,0.433,0.361,0.151,0.089,2019,False
Haiti,3.597,147,0.323,0.688,0.449,0.026,0.419,0.11,2019,False
Botswana,3.488,148,1.041,1.145,0.538,0.455,0.025,0.1,2019,False
Syria,3.462,149,0.619,0.378,0.6168077101280999,0.4078966831779054,0.331,0.141,2019,False
Malawi,3.41,150,0.191,0.56,0.495,0.443,0.218,0.089,2019,False
Yemen,3.38,151,0.287,1.163,0.463,0.143,0.108,0.077,2019,False
Rwanda,3.334,152,0.359,0.711,0.614,0.555,0.217,0.411,2019,False
Tanzania,3.231,153,0.476,0.885,0.499,0.417,0.276,0.147,2019,False
Afghanistan,3.203,154,0.35,0.517,0.361,0.0,0.158,0.025,2019,False
Central African Republic,3.083,155,0.026,0.0,0.6168077101280999,0.4078966831779054,0.235,0.035,2019,False
South Sudan,2.853,156,0.306,0.575,0.295,0.01,0.202,0.091,2019,False
